{
  "placement": {
    "type": "minecraft:random_spread",
    "salt": 10387312,
    "separation": 8,
    "spacing": 34
  },
  "structures": [
    {
      "structure": "minecraft:village_plains",
      "weight": 1
    },
    {
      "structure": "minecraft:village_desert",
      "weight": 1
    },
    {
      "structure": "minecraft:village_savanna",
      "weight": 1
    },
    {
      "structure": "minecraft:village_snowy",
      "weight": 1
    },
    {
      "structure": "minecraft:village_taiga",
      "weight": 1
    },
    {
      "structure": "minecraft:village_jungle",
      "weight": 1
    },
    {
      "structure": "minecraft:village_mangrove",
      "weight": 1
    },
    {
      "structure": "minecraft:village_cherry",
      "weight": 1
    },
    {
      "structure": "minecraft:village_badlands",
      "weight": 1
    },
    {
      "structure": "minecraft:village_birch",
      "weight": 1
    }
  ]
}