{
  "elements": [
    {
      "element": {
        "element_type": "minecraft:legacy_single_pool_element",
        "location": "minecraft:village/badlands/terminators/terminator_01",
        "processors": {
          "processors": []
        },
        "projection": "terrain_matching"
      },
      "weight": 1
    },
    {
      "element": {
        "element_type": "minecraft:legacy_single_pool_element",
        "location": "minecraft:village/badlands/zombie/terminators/terminator_02",
        "processors": {
          "processors": []
        },
        "projection": "terrain_matching"
      },
      "weight": 1
    }
  ],
  "fallback": "minecraft:empty"
}