{
    "type": "crafting_shaped",
    "pattern": [
      "###",
      "XOX",
      "@+@"
    ],
    "key": {
      "#": {
        "item": "minecraft:redstone_block"
      },
      "X": {
        "item": "minecraft:end_crystal"
      },
      "O": {
        "item": "minecraft:beacon"
      },
      "@": {
        "item": "minecraft:nether_star"
      },
      "+": {
        "item": "minecraft:crossbow"
      }
    },
    "result": {
      "item": "minecraft:knowledge_book",
      "count": 1
    }
  }